,ds_type,n,noise,k,clf_type,Reg_HP,TRE,TESTE,E_DIFF
0,circles,10,0.0,10,log_reg,0.001,0.5555555555555556,0.0,0.5555555555555556
1,circles,10,0.0,10,log_reg,0.01,0.5555555555555556,0.0,0.5555555555555556
2,circles,10,0.0,10,log_reg,0.1,0.5555555555555556,0.0,0.5555555555555556
3,circles,10,0.0,10,log_reg,1.0,0.5555555555555556,0.0,0.5555555555555556
4,circles,10,0.0,10,log_reg,10.0,0.5555555555555556,0.0,0.5555555555555556
5,circles,10,0.0,10,log_reg,100.0,0.5555555555555556,0.0,0.5555555555555556
6,circles,10,0.0,10,svm,0.0001,0.5555555555555556,0.0,0.5555555555555556
7,circles,10,0.0,10,svm,0.001,0.5555555555555556,0.0,0.5555555555555556
8,circles,10,0.0,10,svm,0.01,0.5555555555555556,0.0,0.5555555555555556
9,circles,10,0.0,10,svm,1.0,0.5555555555555556,0.0,0.5555555555555556
10,circles,10,0.0,10,svm,3.0,0.5555555555555556,0.0,0.5555555555555556
11,circles,10,0.0,10,svm,7.0,0.5555555555555556,0.0,0.5555555555555556
12,circles,10,0.0,10,svm,11.0,0.5555555555555556,0.0,0.5555555555555556
13,circles,50,0.0,10,log_reg,0.001,0.5199999999999999,0.32,0.1999999999999999
14,circles,50,0.0,10,log_reg,0.01,0.5199999999999999,0.32,0.1999999999999999
15,circles,50,0.0,10,log_reg,0.1,0.531111111111111,0.30000000000000004,0.23111111111111093
16,circles,50,0.0,10,log_reg,1.0,0.5422222222222223,0.26000000000000006,0.2822222222222222
17,circles,50,0.0,10,log_reg,10.0,0.5355555555555556,0.26000000000000006,0.2755555555555555
18,circles,50,0.0,10,log_reg,100.0,0.5377777777777778,0.26000000000000006,0.27777777777777773
19,circles,50,0.0,10,svm,0.0001,0.5199999999999999,0.32,0.1999999999999999
20,circles,50,0.0,10,svm,0.001,0.5199999999999999,0.32,0.1999999999999999
21,circles,50,0.0,10,svm,0.01,0.5199999999999999,0.32,0.1999999999999999
22,circles,50,0.0,10,svm,1.0,0.68,0.32,0.36000000000000004
23,circles,50,0.0,10,svm,3.0,0.9088888888888889,0.36,0.5488888888888889
24,circles,50,0.0,10,svm,7.0,0.9933333333333334,0.76,0.2333333333333334
25,circles,50,0.0,10,svm,11.0,0.9955555555555555,0.8400000000000001,0.15555555555555545
26,circles,100,0.0,10,log_reg,0.001,0.5233333333333332,0.29000000000000004,0.23333333333333317
27,circles,100,0.0,10,log_reg,0.01,0.5233333333333332,0.29000000000000004,0.23333333333333317
28,circles,100,0.0,10,log_reg,0.1,0.5277777777777778,0.26,0.2677777777777778
29,circles,100,0.0,10,log_reg,1.0,0.5233333333333332,0.23000000000000004,0.29333333333333317
30,circles,100,0.0,10,log_reg,10.0,0.5299999999999999,0.24000000000000005,0.28999999999999987
31,circles,100,0.0,10,log_reg,100.0,0.5299999999999999,0.24000000000000005,0.28999999999999987
32,circles,100,0.0,10,svm,0.0001,0.5233333333333332,0.29000000000000004,0.23333333333333317
33,circles,100,0.0,10,svm,0.001,0.5233333333333332,0.29000000000000004,0.23333333333333317
34,circles,100,0.0,10,svm,0.01,0.5233333333333332,0.29000000000000004,0.23333333333333317
35,circles,100,0.0,10,svm,1.0,1.0,1.0,0.0
36,circles,100,0.0,10,svm,3.0,1.0,1.0,0.0
37,circles,100,0.0,10,svm,7.0,1.0,1.0,0.0
38,circles,100,0.0,10,svm,11.0,1.0,1.0,0.0
39,circles,1000,0.0,10,log_reg,0.001,0.5046666666666666,0.458,0.04666666666666658
40,circles,1000,0.0,10,log_reg,0.01,0.49899999999999994,0.429,0.06999999999999995
41,circles,1000,0.0,10,log_reg,0.1,0.5024444444444445,0.437,0.06544444444444447
42,circles,1000,0.0,10,log_reg,1.0,0.5111111111111112,0.43900000000000006,0.07211111111111113
43,circles,1000,0.0,10,log_reg,10.0,0.5124444444444445,0.441,0.07144444444444448
44,circles,1000,0.0,10,log_reg,100.0,0.5126666666666666,0.441,0.0716666666666666
45,circles,1000,0.0,10,svm,0.0001,0.5046666666666666,0.458,0.04666666666666658
46,circles,1000,0.0,10,svm,0.001,0.5046666666666666,0.458,0.04666666666666658
47,circles,1000,0.0,10,svm,0.01,0.5046666666666666,0.458,0.04666666666666658
48,circles,1000,0.0,10,svm,1.0,1.0,1.0,0.0
49,circles,1000,0.0,10,svm,3.0,1.0,1.0,0.0
50,circles,1000,0.0,10,svm,7.0,1.0,1.0,0.0
51,circles,1000,0.0,10,svm,11.0,1.0,1.0,0.0
52,circles,10000,0.0,10,log_reg,0.001,0.5016444444444446,0.4755,0.02614444444444458
53,circles,10000,0.0,10,log_reg,0.01,0.5025555555555556,0.475,0.027555555555555666
54,circles,10000,0.0,10,log_reg,0.1,0.5019333333333333,0.4746,0.02733333333333332
55,circles,10000,0.0,10,log_reg,1.0,0.5020111111111111,0.4749,0.027111111111111086
56,circles,10000,0.0,10,log_reg,10.0,0.5020333333333333,0.4747,0.02733333333333332
57,circles,10000,0.0,10,log_reg,100.0,0.5020333333333334,0.4747,0.02733333333333343
58,circles,10000,0.0,10,svm,0.0001,0.5020111111111112,0.48650000000000004,0.015511111111111142
59,circles,10000,0.0,10,svm,0.001,0.5025222222222222,0.4873,0.015222222222222193
60,circles,10000,0.0,10,svm,0.01,0.5189555555555556,0.4988,0.020155555555555593
61,circles,10000,0.0,10,svm,1.0,1.0,1.0,0.0
62,circles,10000,0.0,10,svm,3.0,1.0,1.0,0.0
63,circles,10000,0.0,10,svm,7.0,1.0,1.0,0.0
64,circles,10000,0.0,10,svm,11.0,1.0,1.0,0.0
65,circles,10,0.1,10,log_reg,0.001,0.5555555555555556,0.0,0.5555555555555556
66,circles,10,0.1,10,log_reg,0.01,0.5555555555555556,0.0,0.5555555555555556
67,circles,10,0.1,10,log_reg,0.1,0.5555555555555556,0.0,0.5555555555555556
68,circles,10,0.1,10,log_reg,1.0,0.6111111111111112,0.0,0.6111111111111112
69,circles,10,0.1,10,log_reg,10.0,0.5333333333333333,0.0,0.5333333333333333
70,circles,10,0.1,10,log_reg,100.0,0.5333333333333333,0.0,0.5333333333333333
71,circles,10,0.1,10,svm,0.0001,0.5555555555555556,0.0,0.5555555555555556
72,circles,10,0.1,10,svm,0.001,0.5555555555555556,0.0,0.5555555555555556
73,circles,10,0.1,10,svm,0.01,0.5555555555555556,0.0,0.5555555555555556
74,circles,10,0.1,10,svm,1.0,0.5555555555555556,0.0,0.5555555555555556
75,circles,10,0.1,10,svm,3.0,0.5555555555555556,0.0,0.5555555555555556
76,circles,10,0.1,10,svm,7.0,0.7333333333333334,0.0,0.7333333333333334
77,circles,10,0.1,10,svm,11.0,0.7999999999999999,0.0,0.7999999999999999
78,circles,50,0.1,10,log_reg,0.001,0.5177777777777777,0.34,0.17777777777777765
79,circles,50,0.1,10,log_reg,0.01,0.5177777777777777,0.34,0.17777777777777765
80,circles,50,0.1,10,log_reg,0.1,0.5399999999999999,0.24000000000000005,0.2999999999999999
81,circles,50,0.1,10,log_reg,1.0,0.5311111111111112,0.22000000000000003,0.31111111111111117
82,circles,50,0.1,10,log_reg,10.0,0.5333333333333334,0.18,0.35333333333333344
83,circles,50,0.1,10,log_reg,100.0,0.5355555555555556,0.18,0.35555555555555557
84,circles,50,0.1,10,svm,0.0001,0.5177777777777777,0.34,0.17777777777777765
85,circles,50,0.1,10,svm,0.001,0.5177777777777777,0.34,0.17777777777777765
86,circles,50,0.1,10,svm,0.01,0.5177777777777777,0.34,0.17777777777777765
87,circles,50,0.1,10,svm,1.0,0.8444444444444444,0.72,0.12444444444444447
88,circles,50,0.1,10,svm,3.0,0.8799999999999999,0.72,0.15999999999999992
89,circles,50,0.1,10,svm,7.0,0.9044444444444444,0.7,0.20444444444444443
90,circles,50,0.1,10,svm,11.0,0.9066666666666668,0.64,0.26666666666666683
91,circles,100,0.1,10,log_reg,0.001,0.5211111111111111,0.31,0.21111111111111108
92,circles,100,0.1,10,log_reg,0.01,0.5155555555555555,0.31,0.20555555555555555
93,circles,100,0.1,10,log_reg,0.1,0.5233333333333332,0.29999999999999993,0.22333333333333327
94,circles,100,0.1,10,log_reg,1.0,0.5199999999999999,0.29,0.22999999999999993
95,circles,100,0.1,10,log_reg,10.0,0.5188888888888888,0.29,0.22888888888888886
96,circles,100,0.1,10,log_reg,100.0,0.5188888888888888,0.29,0.22888888888888886
97,circles,100,0.1,10,svm,0.0001,0.5211111111111111,0.31,0.21111111111111108
98,circles,100,0.1,10,svm,0.001,0.5211111111111111,0.31,0.21111111111111108
99,circles,100,0.1,10,svm,0.01,0.5255555555555554,0.32,0.20555555555555544
100,circles,100,0.1,10,svm,1.0,0.8611111111111113,0.78,0.08111111111111124
101,circles,100,0.1,10,svm,3.0,0.8811111111111112,0.78,0.10111111111111115
102,circles,100,0.1,10,svm,7.0,0.9,0.76,0.14
103,circles,100,0.1,10,svm,11.0,0.9088888888888889,0.76,0.14888888888888885
104,circles,1000,0.1,10,log_reg,0.001,0.5017777777777777,0.466,0.03577777777777763
105,circles,1000,0.1,10,log_reg,0.01,0.5051111111111111,0.45,0.055111111111111055
106,circles,1000,0.1,10,log_reg,0.1,0.5153333333333334,0.44499999999999995,0.07033333333333347
107,circles,1000,0.1,10,log_reg,1.0,0.5143333333333333,0.44299999999999995,0.07133333333333336
108,circles,1000,0.1,10,log_reg,10.0,0.5146666666666667,0.44399999999999995,0.07066666666666677
109,circles,1000,0.1,10,log_reg,100.0,0.5146666666666667,0.44399999999999995,0.07066666666666677
110,circles,1000,0.1,10,svm,0.0001,0.5033333333333332,0.47000000000000003,0.03333333333333316
111,circles,1000,0.1,10,svm,0.001,0.5033333333333332,0.47000000000000003,0.03333333333333316
112,circles,1000,0.1,10,svm,0.01,0.5033333333333332,0.47000000000000003,0.03333333333333316
113,circles,1000,0.1,10,svm,1.0,0.8446666666666667,0.834,0.010666666666666713
114,circles,1000,0.1,10,svm,3.0,0.846111111111111,0.829,0.017111111111111077
115,circles,1000,0.1,10,svm,7.0,0.8515555555555554,0.8320000000000001,0.019555555555555326
116,circles,1000,0.1,10,svm,11.0,0.8525555555555556,0.825,0.027555555555555666
117,circles,10000,0.1,10,log_reg,0.001,0.5117666666666667,0.49050000000000005,0.021266666666666656
118,circles,10000,0.1,10,log_reg,0.01,0.5036777777777778,0.4817,0.021977777777777763
119,circles,10000,0.1,10,log_reg,0.1,0.5019222222222223,0.4795,0.022422222222222288
120,circles,10000,0.1,10,log_reg,1.0,0.5019111111111111,0.47970000000000007,0.022211111111111015
121,circles,10000,0.1,10,log_reg,10.0,0.5019333333333333,0.4796,0.022333333333333316
122,circles,10000,0.1,10,log_reg,100.0,0.5019333333333333,0.4796,0.022333333333333316
123,circles,10000,0.1,10,svm,0.0001,0.5015777777777777,0.48580000000000007,0.015777777777777613
124,circles,10000,0.1,10,svm,0.001,0.5015777777777777,0.48580000000000007,0.015777777777777613
125,circles,10000,0.1,10,svm,0.01,0.5158333333333334,0.4962,0.01963333333333339
126,circles,10000,0.1,10,svm,1.0,0.8407888888888889,0.8408,-1.111111111107288e-05
127,circles,10000,0.1,10,svm,3.0,0.8402444444444445,0.8391,0.0011444444444445034
128,circles,10000,0.1,10,svm,7.0,0.8405444444444445,0.8394999999999999,0.0010444444444446255
129,circles,10000,0.1,10,svm,11.0,0.8404555555555555,0.8389,0.0015555555555555323
130,circles,10,0.2,10,log_reg,0.001,0.5555555555555556,0.0,0.5555555555555556
131,circles,10,0.2,10,log_reg,0.01,0.5555555555555556,0.0,0.5555555555555556
132,circles,10,0.2,10,log_reg,0.1,0.5555555555555556,0.0,0.5555555555555556
133,circles,10,0.2,10,log_reg,1.0,0.5666666666666667,0.0,0.5666666666666667
134,circles,10,0.2,10,log_reg,10.0,0.5444444444444445,0.0,0.5444444444444445
135,circles,10,0.2,10,log_reg,100.0,0.5333333333333333,0.0,0.5333333333333333
136,circles,10,0.2,10,svm,0.0001,0.5555555555555556,0.0,0.5555555555555556
137,circles,10,0.2,10,svm,0.001,0.5555555555555556,0.0,0.5555555555555556
138,circles,10,0.2,10,svm,0.01,0.5555555555555556,0.0,0.5555555555555556
139,circles,10,0.2,10,svm,1.0,0.5777777777777777,0.0,0.5777777777777777
140,circles,10,0.2,10,svm,3.0,0.8222222222222222,0.0,0.8222222222222222
141,circles,10,0.2,10,svm,7.0,0.9111111111111111,0.2,0.711111111111111
142,circles,10,0.2,10,svm,11.0,0.9111111111111111,0.2,0.711111111111111
143,circles,50,0.2,10,log_reg,0.001,0.5133333333333333,0.38,0.1333333333333333
144,circles,50,0.2,10,log_reg,0.01,0.5133333333333333,0.38,0.1333333333333333
145,circles,50,0.2,10,log_reg,0.1,0.5444444444444444,0.26,0.2844444444444444
146,circles,50,0.2,10,log_reg,1.0,0.531111111111111,0.26,0.27111111111111097
147,circles,50,0.2,10,log_reg,10.0,0.5266666666666666,0.24000000000000005,0.28666666666666657
148,circles,50,0.2,10,log_reg,100.0,0.5266666666666666,0.22000000000000003,0.3066666666666666
149,circles,50,0.2,10,svm,0.0001,0.5133333333333333,0.38,0.1333333333333333
150,circles,50,0.2,10,svm,0.001,0.5133333333333333,0.38,0.1333333333333333
151,circles,50,0.2,10,svm,0.01,0.5133333333333333,0.38,0.1333333333333333
152,circles,50,0.2,10,svm,1.0,0.7488888888888889,0.5599999999999999,0.188888888888889
153,circles,50,0.2,10,svm,3.0,0.7577777777777778,0.42000000000000004,0.33777777777777773
154,circles,50,0.2,10,svm,7.0,0.8244444444444443,0.5200000000000001,0.3044444444444442
155,circles,50,0.2,10,svm,11.0,0.8955555555555555,0.5599999999999999,0.3355555555555556
156,circles,100,0.2,10,log_reg,0.001,0.5211111111111111,0.36,0.1611111111111111
157,circles,100,0.2,10,log_reg,0.01,0.5211111111111111,0.36,0.1611111111111111
158,circles,100,0.2,10,log_reg,0.1,0.5444444444444445,0.33999999999999997,0.20444444444444454
159,circles,100,0.2,10,log_reg,1.0,0.5122222222222221,0.33,0.18222222222222212
160,circles,100,0.2,10,log_reg,10.0,0.51,0.33,0.18
161,circles,100,0.2,10,log_reg,100.0,0.5088888888888888,0.33,0.17888888888888882
162,circles,100,0.2,10,svm,0.0001,0.5188888888888888,0.35,0.16888888888888887
163,circles,100,0.2,10,svm,0.001,0.5188888888888888,0.35,0.16888888888888887
164,circles,100,0.2,10,svm,0.01,0.5211111111111111,0.35,0.1711111111111111
165,circles,100,0.2,10,svm,1.0,0.68,0.55,0.13
166,circles,100,0.2,10,svm,3.0,0.6888888888888889,0.4499999999999999,0.23888888888888898
167,circles,100,0.2,10,svm,7.0,0.7522222222222222,0.5199999999999999,0.23222222222222233
168,circles,100,0.2,10,svm,11.0,0.8055555555555556,0.5199999999999999,0.2855555555555557
169,circles,1000,0.2,10,log_reg,0.001,0.4992222222222222,0.47000000000000003,0.02922222222222215
170,circles,1000,0.2,10,log_reg,0.01,0.5111111111111111,0.43599999999999994,0.07511111111111113
171,circles,1000,0.2,10,log_reg,0.1,0.5096666666666667,0.441,0.06866666666666671
172,circles,1000,0.2,10,log_reg,1.0,0.5081111111111112,0.44299999999999995,0.06511111111111123
173,circles,1000,0.2,10,log_reg,10.0,0.5083333333333335,0.44299999999999995,0.06533333333333358
174,circles,1000,0.2,10,log_reg,100.0,0.5083333333333335,0.44299999999999995,0.06533333333333358
175,circles,1000,0.2,10,svm,0.0001,0.5033333333333333,0.47000000000000003,0.03333333333333327
176,circles,1000,0.2,10,svm,0.001,0.5033333333333333,0.47000000000000003,0.03333333333333327
177,circles,1000,0.2,10,svm,0.01,0.5033333333333333,0.47000000000000003,0.03333333333333327
178,circles,1000,0.2,10,svm,1.0,0.692111111111111,0.6849999999999998,0.007111111111111179
179,circles,1000,0.2,10,svm,3.0,0.6987777777777777,0.677,0.021777777777777674
180,circles,1000,0.2,10,svm,7.0,0.7125555555555556,0.675,0.037555555555555564
181,circles,1000,0.2,10,svm,11.0,0.7205555555555555,0.677,0.04355555555555546
182,circles,10000,0.2,10,log_reg,0.001,0.5041222222222224,0.4854,0.018722222222222362
183,circles,10000,0.2,10,log_reg,0.01,0.5038888888888888,0.4882000000000001,0.015688888888888752
184,circles,10000,0.2,10,log_reg,0.1,0.5040555555555556,0.4901,0.01395555555555561
185,circles,10000,0.2,10,log_reg,1.0,0.5042777777777778,0.4901,0.014177777777777845
186,circles,10000,0.2,10,log_reg,10.0,0.5043333333333334,0.4901,0.014233333333333431
187,circles,10000,0.2,10,log_reg,100.0,0.5043333333333334,0.4901,0.014233333333333431
188,circles,10000,0.2,10,svm,0.0001,0.5018222222222223,0.48360000000000003,0.01822222222222225
189,circles,10000,0.2,10,svm,0.001,0.5018222222222223,0.48360000000000003,0.01822222222222225
190,circles,10000,0.2,10,svm,0.01,0.5383111111111111,0.5197,0.018611111111111023
191,circles,10000,0.2,10,svm,1.0,0.6929333333333333,0.6922,0.0007333333333332526
192,circles,10000,0.2,10,svm,3.0,0.6940111111111111,0.6912999999999999,0.0027111111111112196
193,circles,10000,0.2,10,svm,7.0,0.6958777777777777,0.6901999999999999,0.005677777777777782
194,circles,10000,0.2,10,svm,11.0,0.697011111111111,0.6916,0.005411111111111033
195,moons,10,0.0,10,log_reg,0.001,0.5555555555555556,0.0,0.5555555555555556
196,moons,10,0.0,10,log_reg,0.01,0.5555555555555556,0.0,0.5555555555555556
197,moons,10,0.0,10,log_reg,0.1,0.7333333333333334,0.2,0.5333333333333334
198,moons,10,0.0,10,log_reg,1.0,0.7333333333333334,0.6,0.13333333333333341
199,moons,10,0.0,10,log_reg,10.0,0.7777777777777778,0.6,0.1777777777777778
200,moons,10,0.0,10,log_reg,100.0,0.8,0.8,0.0
201,moons,10,0.0,10,svm,0.0001,0.5555555555555556,0.0,0.5555555555555556
202,moons,10,0.0,10,svm,0.001,0.5555555555555556,0.0,0.5555555555555556
203,moons,10,0.0,10,svm,0.01,0.5555555555555556,0.0,0.5555555555555556
204,moons,10,0.0,10,svm,1.0,0.8666666666666666,0.6,0.2666666666666666
205,moons,10,0.0,10,svm,3.0,1.0,0.0,1.0
206,moons,10,0.0,10,svm,7.0,1.0,0.0,1.0
207,moons,10,0.0,10,svm,11.0,1.0,0.0,1.0
208,moons,50,0.0,10,log_reg,0.001,0.5133333333333333,0.38,0.1333333333333333
209,moons,50,0.0,10,log_reg,0.01,0.78,0.7,0.08000000000000007
210,moons,50,0.0,10,log_reg,0.1,0.7977777777777778,0.78,0.01777777777777778
211,moons,50,0.0,10,log_reg,1.0,0.8399999999999999,0.8400000000000001,-2.220446049250313e-16
212,moons,50,0.0,10,log_reg,10.0,0.8711111111111111,0.8400000000000001,0.03111111111111098
213,moons,50,0.0,10,log_reg,100.0,0.8755555555555556,0.8200000000000001,0.05555555555555558
214,moons,50,0.0,10,svm,0.0001,0.5133333333333333,0.38,0.1333333333333333
215,moons,50,0.0,10,svm,0.001,0.5133333333333333,0.38,0.1333333333333333
216,moons,50,0.0,10,svm,0.01,0.7777777777777777,0.6799999999999999,0.09777777777777774
217,moons,50,0.0,10,svm,1.0,0.9977777777777778,0.9800000000000001,0.01777777777777767
218,moons,50,0.0,10,svm,3.0,1.0,1.0,0.0
219,moons,50,0.0,10,svm,7.0,1.0,1.0,0.0
220,moons,50,0.0,10,svm,11.0,1.0,1.0,0.0
221,moons,100,0.0,10,log_reg,0.001,0.571111111111111,0.42000000000000004,0.15111111111111097
222,moons,100,0.0,10,log_reg,0.01,0.7877777777777778,0.76,0.02777777777777779
223,moons,100,0.0,10,log_reg,0.1,0.8188888888888888,0.8100000000000002,0.008888888888888613
224,moons,100,0.0,10,log_reg,1.0,0.8633333333333333,0.85,0.013333333333333308
225,moons,100,0.0,10,log_reg,10.0,0.8800000000000001,0.8800000000000001,0.0
226,moons,100,0.0,10,log_reg,100.0,0.8833333333333334,0.8600000000000001,0.023333333333333317
227,moons,100,0.0,10,svm,0.0001,0.571111111111111,0.42000000000000004,0.15111111111111097
228,moons,100,0.0,10,svm,0.001,0.571111111111111,0.42000000000000004,0.15111111111111097
229,moons,100,0.0,10,svm,0.01,0.7944444444444445,0.8,-0.005555555555555536
230,moons,100,0.0,10,svm,1.0,1.0,1.0,0.0
231,moons,100,0.0,10,svm,3.0,1.0,1.0,0.0
232,moons,100,0.0,10,svm,7.0,1.0,1.0,0.0
233,moons,100,0.0,10,svm,11.0,1.0,1.0,0.0
234,moons,1000,0.0,10,log_reg,0.001,0.7925555555555557,0.798,-0.005444444444444363
235,moons,1000,0.0,10,log_reg,0.01,0.8242222222222221,0.8230000000000001,0.0012222222222220136
236,moons,1000,0.0,10,log_reg,0.1,0.8704444444444445,0.869,0.0014444444444444704
237,moons,1000,0.0,10,log_reg,1.0,0.8883333333333333,0.889,-0.0006666666666667043
238,moons,1000,0.0,10,log_reg,10.0,0.8918888888888891,0.89,0.001888888888889051
239,moons,1000,0.0,10,log_reg,100.0,0.8922222222222222,0.89,0.0022222222222222365
240,moons,1000,0.0,10,svm,0.0001,0.5031111111111111,0.472,0.03111111111111109
241,moons,1000,0.0,10,svm,0.001,0.8025555555555556,0.8029999999999999,-0.0004444444444443585
242,moons,1000,0.0,10,svm,0.01,0.8586666666666666,0.859,-0.00033333333333340764
243,moons,1000,0.0,10,svm,1.0,1.0,1.0,0.0
244,moons,1000,0.0,10,svm,3.0,1.0,1.0,0.0
245,moons,1000,0.0,10,svm,7.0,1.0,1.0,0.0
246,moons,1000,0.0,10,svm,11.0,1.0,1.0,0.0
247,moons,10000,0.0,10,log_reg,0.001,0.8249333333333333,0.8251,-0.0001666666666666483
248,moons,10000,0.0,10,log_reg,0.01,0.8712111111111109,0.8713,-8.888888888902713e-05
249,moons,10000,0.0,10,log_reg,0.1,0.8896111111111111,0.8896,1.1111111111183902e-05
250,moons,10000,0.0,10,log_reg,1.0,0.8931444444444445,0.8930999999999999,4.444444444462459e-05
251,moons,10000,0.0,10,log_reg,10.0,0.8935777777777778,0.8936,-2.222222222214576e-05
252,moons,10000,0.0,10,log_reg,100.0,0.8936222222222222,0.8936,2.2222222222256782e-05
253,moons,10000,0.0,10,svm,0.0001,0.8036444444444445,0.8034000000000001,0.0002444444444443805
254,moons,10000,0.0,10,svm,0.001,0.8598666666666667,0.8596999999999999,0.00016666666666675933
255,moons,10000,0.0,10,svm,0.01,0.8802999999999999,0.8796000000000002,0.0006999999999997009
256,moons,10000,0.0,10,svm,1.0,1.0,1.0,0.0
257,moons,10000,0.0,10,svm,3.0,1.0,1.0,0.0
258,moons,10000,0.0,10,svm,7.0,1.0,1.0,0.0
259,moons,10000,0.0,10,svm,11.0,1.0,1.0,0.0
260,moons,10,0.1,10,log_reg,0.001,0.5555555555555556,0.0,0.5555555555555556
261,moons,10,0.1,10,log_reg,0.01,0.5555555555555556,0.0,0.5555555555555556
262,moons,10,0.1,10,log_reg,0.1,0.7333333333333334,0.2,0.5333333333333334
263,moons,10,0.1,10,log_reg,1.0,0.7777777777777778,0.7,0.07777777777777783
264,moons,10,0.1,10,log_reg,10.0,0.8111111111111111,0.7,0.11111111111111116
265,moons,10,0.1,10,log_reg,100.0,0.8111111111111111,0.8,0.011111111111111072
266,moons,10,0.1,10,svm,0.0001,0.5555555555555556,0.0,0.5555555555555556
267,moons,10,0.1,10,svm,0.001,0.5555555555555556,0.0,0.5555555555555556
268,moons,10,0.1,10,svm,0.01,0.5555555555555556,0.0,0.5555555555555556
269,moons,10,0.1,10,svm,1.0,0.8777777777777779,0.7,0.17777777777777792
270,moons,10,0.1,10,svm,3.0,1.0,0.3,0.7
271,moons,10,0.1,10,svm,7.0,1.0,0.0,1.0
272,moons,10,0.1,10,svm,11.0,1.0,0.0,1.0
273,moons,50,0.1,10,log_reg,0.001,0.5222222222222221,0.30000000000000004,0.2222222222222221
274,moons,50,0.1,10,log_reg,0.01,0.7222222222222222,0.66,0.06222222222222218
275,moons,50,0.1,10,log_reg,0.1,0.8044444444444444,0.76,0.0444444444444444
276,moons,50,0.1,10,log_reg,1.0,0.8333333333333333,0.8400000000000001,-0.006666666666666821
277,moons,50,0.1,10,log_reg,10.0,0.848888888888889,0.8600000000000001,-0.011111111111111072
278,moons,50,0.1,10,log_reg,100.0,0.8555555555555557,0.8600000000000001,-0.004444444444444362
279,moons,50,0.1,10,svm,0.0001,0.5222222222222221,0.30000000000000004,0.2222222222222221
280,moons,50,0.1,10,svm,0.001,0.5222222222222221,0.30000000000000004,0.2222222222222221
281,moons,50,0.1,10,svm,0.01,0.7444444444444445,0.62,0.12444444444444447
282,moons,50,0.1,10,svm,1.0,0.9911111111111112,0.9800000000000001,0.011111111111111072
283,moons,50,0.1,10,svm,3.0,1.0,1.0,0.0
284,moons,50,0.1,10,svm,7.0,1.0,1.0,0.0
285,moons,50,0.1,10,svm,11.0,1.0,1.0,0.0
286,moons,100,0.1,10,log_reg,0.001,0.5644444444444444,0.47000000000000003,0.09444444444444439
287,moons,100,0.1,10,log_reg,0.01,0.7755555555555556,0.73,0.04555555555555557
288,moons,100,0.1,10,log_reg,0.1,0.8011111111111111,0.78,0.02111111111111108
289,moons,100,0.1,10,log_reg,1.0,0.8299999999999998,0.8200000000000001,0.009999999999999787
290,moons,100,0.1,10,log_reg,10.0,0.8433333333333332,0.85,-0.006666666666666821
291,moons,100,0.1,10,log_reg,100.0,0.8477777777777777,0.85,-0.0022222222222222365
292,moons,100,0.1,10,svm,0.0001,0.5655555555555555,0.47000000000000003,0.09555555555555545
293,moons,100,0.1,10,svm,0.001,0.5655555555555555,0.47000000000000003,0.09555555555555545
294,moons,100,0.1,10,svm,0.01,0.7933333333333333,0.78,0.013333333333333308
295,moons,100,0.1,10,svm,1.0,0.9800000000000001,0.9800000000000001,0.0
296,moons,100,0.1,10,svm,3.0,0.9955555555555555,0.9800000000000001,0.015555555555555434
297,moons,100,0.1,10,svm,7.0,1.0,1.0,0.0
298,moons,100,0.1,10,svm,11.0,1.0,1.0,0.0
299,moons,1000,0.1,10,log_reg,0.001,0.7927777777777778,0.784,0.008777777777777773
300,moons,1000,0.1,10,log_reg,0.01,0.8236666666666667,0.821,0.002666666666666706
301,moons,1000,0.1,10,log_reg,0.1,0.8756666666666668,0.875,0.0006666666666668153
302,moons,1000,0.1,10,log_reg,1.0,0.8893333333333334,0.8870000000000001,0.0023333333333332984
303,moons,1000,0.1,10,log_reg,10.0,0.8911111111111112,0.892,-0.000888888888888828
304,moons,1000,0.1,10,log_reg,100.0,0.8915555555555557,0.892,-0.0004444444444443585
305,moons,1000,0.1,10,svm,0.0001,0.5051111111111111,0.454,0.05111111111111105
306,moons,1000,0.1,10,svm,0.001,0.8021111111111111,0.8019999999999999,0.00011111111111117289
307,moons,1000,0.1,10,svm,0.01,0.8640000000000001,0.8620000000000001,0.0020000000000000018
308,moons,1000,0.1,10,svm,1.0,0.9992222222222222,0.999,0.00022222222222223476
309,moons,1000,0.1,10,svm,3.0,1.0,1.0,0.0
310,moons,1000,0.1,10,svm,7.0,1.0,1.0,0.0
311,moons,1000,0.1,10,svm,11.0,1.0,1.0,0.0
312,moons,10000,0.1,10,log_reg,0.001,0.8273111111111111,0.8277999999999999,-0.000488888888888761
313,moons,10000,0.1,10,log_reg,0.01,0.8704222222222222,0.8705,-7.777777777784323e-05
314,moons,10000,0.1,10,log_reg,0.1,0.8830444444444445,0.883,4.4444444444513564e-05
315,moons,10000,0.1,10,log_reg,1.0,0.8833111111111112,0.8834,-8.888888888880508e-05
316,moons,10000,0.1,10,log_reg,10.0,0.8833333333333334,0.8836,-0.0002666666666666373
317,moons,10000,0.1,10,log_reg,100.0,0.8833666666666666,0.8836,-0.00023333333333341866
318,moons,10000,0.1,10,svm,0.0001,0.8031777777777778,0.8033999999999999,-0.00022222222222212373
319,moons,10000,0.1,10,svm,0.001,0.8600888888888889,0.8601999999999999,-0.00011111111111095084
320,moons,10000,0.1,10,svm,0.01,0.8796666666666667,0.8795,0.00016666666666675933
321,moons,10000,0.1,10,svm,1.0,0.9995333333333335,0.9994000000000002,0.00013333333333331865
322,moons,10000,0.1,10,svm,3.0,0.9995,0.9994000000000002,9.999999999987796e-05
323,moons,10000,0.1,10,svm,7.0,0.9995222222222223,0.9994000000000002,0.00012222222222213475
324,moons,10000,0.1,10,svm,11.0,0.9995666666666667,0.9994000000000002,0.0001666666666665373
325,moons,10,0.2,10,log_reg,0.001,0.5555555555555556,0.0,0.5555555555555556
326,moons,10,0.2,10,log_reg,0.01,0.5555555555555556,0.0,0.5555555555555556
327,moons,10,0.2,10,log_reg,0.1,0.7333333333333334,0.4,0.33333333333333337
328,moons,10,0.2,10,log_reg,1.0,0.711111111111111,0.6,0.11111111111111105
329,moons,10,0.2,10,log_reg,10.0,0.7666666666666666,0.6,0.16666666666666663
330,moons,10,0.2,10,log_reg,100.0,0.7777777777777778,0.5,0.2777777777777778
331,moons,10,0.2,10,svm,0.0001,0.5555555555555556,0.0,0.5555555555555556
332,moons,10,0.2,10,svm,0.001,0.5555555555555556,0.0,0.5555555555555556
333,moons,10,0.2,10,svm,0.01,0.5555555555555556,0.0,0.5555555555555556
334,moons,10,0.2,10,svm,1.0,0.8666666666666666,0.3,0.5666666666666667
335,moons,10,0.2,10,svm,3.0,1.0,0.5,0.5
336,moons,10,0.2,10,svm,7.0,1.0,0.4,0.6
337,moons,10,0.2,10,svm,11.0,1.0,0.4,0.6
338,moons,50,0.2,10,log_reg,0.001,0.5199999999999999,0.32,0.1999999999999999
339,moons,50,0.2,10,log_reg,0.01,0.7511111111111111,0.6,0.15111111111111108
340,moons,50,0.2,10,log_reg,0.1,0.831111111111111,0.82,0.011111111111111072
341,moons,50,0.2,10,log_reg,1.0,0.868888888888889,0.8400000000000001,0.028888888888888964
342,moons,50,0.2,10,log_reg,10.0,0.8733333333333334,0.8400000000000001,0.033333333333333326
343,moons,50,0.2,10,log_reg,100.0,0.8644444444444446,0.8400000000000001,0.02444444444444449
344,moons,50,0.2,10,svm,0.0001,0.5199999999999999,0.32,0.1999999999999999
345,moons,50,0.2,10,svm,0.001,0.5199999999999999,0.32,0.1999999999999999
346,moons,50,0.2,10,svm,0.01,0.7377777777777779,0.6199999999999999,0.11777777777777798
347,moons,50,0.2,10,svm,1.0,0.9800000000000001,0.9800000000000001,0.0
348,moons,50,0.2,10,svm,3.0,0.9800000000000001,0.9800000000000001,0.0
349,moons,50,0.2,10,svm,7.0,0.9800000000000001,0.9800000000000001,0.0
350,moons,50,0.2,10,svm,11.0,0.9800000000000001,0.9800000000000001,0.0
351,moons,100,0.2,10,log_reg,0.001,0.6055555555555555,0.42000000000000004,0.18555555555555547
352,moons,100,0.2,10,log_reg,0.01,0.78,0.75,0.030000000000000027
353,moons,100,0.2,10,log_reg,0.1,0.8166666666666667,0.82,-0.0033333333333332993
354,moons,100,0.2,10,log_reg,1.0,0.8555555555555557,0.86,-0.004444444444444251
355,moons,100,0.2,10,log_reg,10.0,0.8766666666666667,0.86,0.01666666666666672
356,moons,100,0.2,10,log_reg,100.0,0.8733333333333334,0.86,0.01333333333333342
357,moons,100,0.2,10,svm,0.0001,0.5999999999999999,0.41,0.1899999999999999
358,moons,100,0.2,10,svm,0.001,0.5999999999999999,0.41,0.1899999999999999
359,moons,100,0.2,10,svm,0.01,0.7933333333333333,0.8099999999999999,-0.016666666666666607
360,moons,100,0.2,10,svm,1.0,0.9455555555555556,0.9400000000000001,0.005555555555555536
361,moons,100,0.2,10,svm,3.0,0.9722222222222221,0.96,0.012222222222222134
362,moons,100,0.2,10,svm,7.0,0.9788888888888889,0.96,0.018888888888888955
363,moons,100,0.2,10,svm,11.0,0.9800000000000001,0.95,0.030000000000000138
364,moons,1000,0.2,10,log_reg,0.001,0.7912222222222223,0.7860000000000001,0.005222222222222128
365,moons,1000,0.2,10,log_reg,0.01,0.8178888888888889,0.818,-0.00011111111111106187
366,moons,1000,0.2,10,log_reg,0.1,0.8528888888888888,0.851,0.0018888888888888289
367,moons,1000,0.2,10,log_reg,1.0,0.8603333333333334,0.8600000000000001,0.0003333333333332966
368,moons,1000,0.2,10,log_reg,10.0,0.8602222222222222,0.8610000000000001,-0.0007777777777778772
369,moons,1000,0.2,10,log_reg,100.0,0.8604444444444445,0.8620000000000001,-0.0015555555555556433
370,moons,1000,0.2,10,svm,0.0001,0.5316666666666667,0.5000000000000001,0.03166666666666662
371,moons,1000,0.2,10,svm,0.001,0.7983333333333333,0.798,0.0003333333333332966
372,moons,1000,0.2,10,svm,0.01,0.8446666666666666,0.845,-0.00033333333333340764
373,moons,1000,0.2,10,svm,1.0,0.9654444444444443,0.9640000000000001,0.0014444444444442484
374,moons,1000,0.2,10,svm,3.0,0.968,0.9630000000000001,0.004999999999999893
375,moons,1000,0.2,10,svm,7.0,0.9673333333333334,0.9610000000000001,0.006333333333333302
376,moons,1000,0.2,10,svm,11.0,0.9673333333333332,0.9600000000000002,0.00733333333333297
377,moons,10000,0.2,10,log_reg,0.001,0.8246111111111111,0.8244999999999999,0.00011111111111117289
378,moons,10000,0.2,10,log_reg,0.01,0.8603222222222223,0.8604999999999998,-0.00017777777777749915
379,moons,10000,0.2,10,log_reg,0.1,0.8676666666666666,0.8673,0.0003666666666666263
380,moons,10000,0.2,10,log_reg,1.0,0.8688333333333332,0.868,0.0008333333333332416
381,moons,10000,0.2,10,log_reg,10.0,0.8687999999999999,0.8684,0.00039999999999995595
382,moons,10000,0.2,10,log_reg,100.0,0.8688,0.8683,0.000500000000000056
383,moons,10000,0.2,10,svm,0.0001,0.8054222222222223,0.8056000000000001,-0.0001777777777778322
384,moons,10000,0.2,10,svm,0.001,0.8540444444444443,0.8539,0.0001444444444442805
385,moons,10000,0.2,10,svm,0.01,0.8652222222222221,0.8654,-0.0001777777777778322
386,moons,10000,0.2,10,svm,1.0,0.9662222222222223,0.9658,0.00042222222222232375
387,moons,10000,0.2,10,svm,3.0,0.966488888888889,0.9661,0.0003888888888889941
388,moons,10000,0.2,10,svm,7.0,0.966411111111111,0.9659000000000001,0.0005111111111109068
389,moons,10000,0.2,10,svm,11.0,0.9667,0.9650999999999998,0.0016000000000001569
0,circles,10,0.3,10,log_reg,0.001,0.5555555555555556,0.0,0.5555555555555556
1,circles,10,0.3,10,log_reg,0.01,0.5555555555555556,0.0,0.5555555555555556
2,circles,10,0.3,10,log_reg,0.1,0.5555555555555556,0.0,0.5555555555555556
3,circles,10,0.3,10,log_reg,1.0,0.6111111111111112,0.0,0.6111111111111112
4,circles,10,0.3,10,log_reg,10.0,0.6000000000000001,0.0,0.6000000000000001
5,circles,10,0.3,10,log_reg,100.0,0.5888888888888889,0.0,0.5888888888888889
6,circles,10,0.3,10,svm,0.0001,0.5555555555555556,0.0,0.5555555555555556
7,circles,10,0.3,10,svm,0.001,0.5555555555555556,0.0,0.5555555555555556
8,circles,10,0.3,10,svm,0.01,0.5555555555555556,0.0,0.5555555555555556
9,circles,10,0.3,10,svm,1.0,0.6222222222222222,0.0,0.6222222222222222
10,circles,10,0.3,10,svm,3.0,0.9,0.0,0.9
11,circles,10,0.3,10,svm,7.0,0.9333333333333333,0.0,0.9333333333333333
12,circles,10,0.3,10,svm,11.0,1.0,0.0,1.0
13,circles,50,0.3,10,log_reg,0.001,0.5244444444444444,0.28,0.24444444444444435
14,circles,50,0.3,10,log_reg,0.01,0.5244444444444444,0.28,0.24444444444444435
15,circles,50,0.3,10,log_reg,0.1,0.5644444444444444,0.28,0.2844444444444444
16,circles,50,0.3,10,log_reg,1.0,0.5266666666666666,0.33999999999999997,0.18666666666666665
17,circles,50,0.3,10,log_reg,10.0,0.5288888888888889,0.36,0.16888888888888887
18,circles,50,0.3,10,log_reg,100.0,0.5333333333333333,0.36,0.17333333333333334
19,circles,50,0.3,10,svm,0.0001,0.5244444444444444,0.28,0.24444444444444435
20,circles,50,0.3,10,svm,0.001,0.5244444444444444,0.28,0.24444444444444435
21,circles,50,0.3,10,svm,0.01,0.5244444444444444,0.28,0.24444444444444435
22,circles,50,0.3,10,svm,1.0,0.6511111111111112,0.4999999999999999,0.1511111111111113
23,circles,50,0.3,10,svm,3.0,0.7355555555555556,0.42000000000000004,0.3155555555555556
24,circles,50,0.3,10,svm,7.0,0.8622222222222223,0.5399999999999999,0.3222222222222224
25,circles,50,0.3,10,svm,11.0,0.9222222222222223,0.5,0.4222222222222223
26,circles,100,0.3,10,log_reg,0.001,0.5177777777777777,0.36,0.15777777777777768
27,circles,100,0.3,10,log_reg,0.01,0.5188888888888888,0.35,0.16888888888888887
28,circles,100,0.3,10,log_reg,0.1,0.5311111111111111,0.35,0.1811111111111111
29,circles,100,0.3,10,log_reg,1.0,0.5277777777777777,0.43,0.09777777777777769
30,circles,100,0.3,10,log_reg,10.0,0.5233333333333332,0.4600000000000001,0.06333333333333313
31,circles,100,0.3,10,log_reg,100.0,0.5211111111111111,0.4600000000000001,0.061111111111111005
32,circles,100,0.3,10,svm,0.0001,0.5199999999999999,0.35,0.16999999999999993
33,circles,100,0.3,10,svm,0.001,0.5188888888888888,0.35,0.16888888888888887
34,circles,100,0.3,10,svm,0.01,0.5166666666666666,0.35,0.16666666666666663
35,circles,100,0.3,10,svm,1.0,0.6200000000000001,0.41000000000000003,0.21000000000000008
36,circles,100,0.3,10,svm,3.0,0.7044444444444444,0.4,0.3044444444444444
37,circles,100,0.3,10,svm,7.0,0.7833333333333334,0.45,0.3333333333333334
38,circles,100,0.3,10,svm,11.0,0.8099999999999999,0.4999999999999999,0.31000000000000005
39,circles,1000,0.3,10,log_reg,0.001,0.4965555555555555,0.446,0.050555555555555465
40,circles,1000,0.3,10,log_reg,0.01,0.5132222222222222,0.49800000000000005,0.015222222222222193
41,circles,1000,0.3,10,log_reg,0.1,0.5167777777777778,0.506,0.010777777777777775
42,circles,1000,0.3,10,log_reg,1.0,0.5161111111111112,0.506,0.010111111111111182
43,circles,1000,0.3,10,log_reg,10.0,0.5161111111111112,0.506,0.010111111111111182
44,circles,1000,0.3,10,log_reg,100.0,0.5162222222222222,0.506,0.010222222222222244
45,circles,1000,0.3,10,svm,0.0001,0.5042222222222221,0.4619999999999999,0.04222222222222222
46,circles,1000,0.3,10,svm,0.001,0.5042222222222221,0.4619999999999999,0.04222222222222222
47,circles,1000,0.3,10,svm,0.01,0.5064444444444445,0.45000000000000007,0.05644444444444441
48,circles,1000,0.3,10,svm,1.0,0.6245555555555556,0.608,0.016555555555555657
49,circles,1000,0.3,10,svm,3.0,0.6363333333333333,0.5959999999999999,0.04033333333333344
50,circles,1000,0.3,10,svm,7.0,0.6592222222222223,0.5959999999999999,0.0632222222222224
51,circles,1000,0.3,10,svm,11.0,0.6673333333333333,0.596,0.07133333333333336
52,circles,10000,0.3,10,log_reg,0.001,0.5006666666666668,0.48149999999999993,0.019166666666666887
53,circles,10000,0.3,10,log_reg,0.01,0.4982444444444444,0.4767,0.021544444444444366
54,circles,10000,0.3,10,log_reg,0.1,0.4982111111111111,0.4777,0.02051111111111109
55,circles,10000,0.3,10,log_reg,1.0,0.4982666666666667,0.47719999999999996,0.021066666666666733
56,circles,10000,0.3,10,log_reg,10.0,0.4982333333333333,0.47719999999999996,0.02103333333333335
57,circles,10000,0.3,10,log_reg,100.0,0.4982111111111111,0.47719999999999996,0.021011111111111147
58,circles,10000,0.3,10,svm,0.0001,0.5016222222222223,0.48939999999999995,0.012222222222222356
59,circles,10000,0.3,10,svm,0.001,0.5029444444444445,0.4904,0.012544444444444525
60,circles,10000,0.3,10,svm,0.01,0.5309555555555556,0.5168,0.014155555555555588
61,circles,10000,0.3,10,svm,1.0,0.6244555555555557,0.6219,0.002555555555555644
62,circles,10000,0.3,10,svm,3.0,0.627,0.6249,0.0020999999999999908
63,circles,10000,0.3,10,svm,7.0,0.6282333333333334,0.6226999999999999,0.005533333333333501
64,circles,10000,0.3,10,svm,11.0,0.6287333333333334,0.6202,0.008533333333333393
65,circles,10,0.4,10,log_reg,0.001,0.5555555555555556,0.0,0.5555555555555556
66,circles,10,0.4,10,log_reg,0.01,0.5555555555555556,0.0,0.5555555555555556
67,circles,10,0.4,10,log_reg,0.1,0.5555555555555556,0.0,0.5555555555555556
68,circles,10,0.4,10,log_reg,1.0,0.6555555555555556,0.3,0.35555555555555557
69,circles,10,0.4,10,log_reg,10.0,0.6888888888888889,0.3,0.3888888888888889
70,circles,10,0.4,10,log_reg,100.0,0.711111111111111,0.3,0.41111111111111104
71,circles,10,0.4,10,svm,0.0001,0.5555555555555556,0.0,0.5555555555555556
72,circles,10,0.4,10,svm,0.001,0.5555555555555556,0.0,0.5555555555555556
73,circles,10,0.4,10,svm,0.01,0.5555555555555556,0.0,0.5555555555555556
74,circles,10,0.4,10,svm,1.0,0.7555555555555555,0.0,0.7555555555555555
75,circles,10,0.4,10,svm,3.0,0.8555555555555555,0.0,0.8555555555555555
76,circles,10,0.4,10,svm,7.0,0.9555555555555555,0.0,0.9555555555555555
77,circles,10,0.4,10,svm,11.0,1.0,0.0,1.0
78,circles,50,0.4,10,log_reg,0.001,0.5244444444444444,0.28,0.24444444444444435
79,circles,50,0.4,10,log_reg,0.01,0.5244444444444444,0.28,0.24444444444444435
80,circles,50,0.4,10,log_reg,0.1,0.5266666666666666,0.26,0.2666666666666666
81,circles,50,0.4,10,log_reg,1.0,0.54,0.16,0.38
82,circles,50,0.4,10,log_reg,10.0,0.5288888888888887,0.16,0.3688888888888887
83,circles,50,0.4,10,log_reg,100.0,0.5333333333333333,0.16,0.3733333333333333
84,circles,50,0.4,10,svm,0.0001,0.5244444444444444,0.28,0.24444444444444435
85,circles,50,0.4,10,svm,0.001,0.5244444444444444,0.28,0.24444444444444435
86,circles,50,0.4,10,svm,0.01,0.5244444444444444,0.28,0.24444444444444435
87,circles,50,0.4,10,svm,1.0,0.6622222222222224,0.36000000000000004,0.30222222222222234
88,circles,50,0.4,10,svm,3.0,0.7666666666666666,0.38,0.3866666666666666
89,circles,50,0.4,10,svm,7.0,0.8466666666666667,0.38,0.4666666666666667
90,circles,50,0.4,10,svm,11.0,0.891111111111111,0.42000000000000004,0.4711111111111109
91,circles,100,0.4,10,log_reg,0.001,0.5233333333333332,0.4,0.12333333333333318
92,circles,100,0.4,10,log_reg,0.01,0.5288888888888887,0.38,0.14888888888888874
93,circles,100,0.4,10,log_reg,0.1,0.5377777777777778,0.41,0.12777777777777782
94,circles,100,0.4,10,log_reg,1.0,0.5344444444444444,0.41,0.12444444444444441
95,circles,100,0.4,10,log_reg,10.0,0.5344444444444444,0.41,0.12444444444444441
96,circles,100,0.4,10,log_reg,100.0,0.5344444444444444,0.41,0.12444444444444441
97,circles,100,0.4,10,svm,0.0001,0.5277777777777778,0.38,0.14777777777777779
98,circles,100,0.4,10,svm,0.001,0.5277777777777778,0.38,0.14777777777777779
99,circles,100,0.4,10,svm,0.01,0.53,0.37000000000000005,0.15999999999999998
100,circles,100,0.4,10,svm,1.0,0.6288888888888888,0.39,0.23888888888888882
101,circles,100,0.4,10,svm,3.0,0.6955555555555556,0.39,0.3055555555555556
102,circles,100,0.4,10,svm,7.0,0.7511111111111111,0.33999999999999997,0.4111111111111111
103,circles,100,0.4,10,svm,11.0,0.7944444444444445,0.37,0.4244444444444445
104,circles,1000,0.4,10,log_reg,0.001,0.5046666666666668,0.466,0.038666666666666794
105,circles,1000,0.4,10,log_reg,0.01,0.5194444444444444,0.501,0.018444444444444374
106,circles,1000,0.4,10,log_reg,0.1,0.5192222222222223,0.4960000000000001,0.023222222222222144
107,circles,1000,0.4,10,log_reg,1.0,0.5194444444444444,0.49499999999999994,0.024444444444444435
108,circles,1000,0.4,10,log_reg,10.0,0.5195555555555555,0.49499999999999994,0.024555555555555608
109,circles,1000,0.4,10,log_reg,100.0,0.5195555555555555,0.49499999999999994,0.024555555555555608
110,circles,1000,0.4,10,svm,0.0001,0.5086666666666667,0.472,0.036666666666666736
111,circles,1000,0.4,10,svm,0.001,0.5087777777777778,0.472,0.0367777777777778
112,circles,1000,0.4,10,svm,0.01,0.5141111111111112,0.48,0.0341111111111112
113,circles,1000,0.4,10,svm,1.0,0.6266666666666667,0.6,0.026666666666666727
114,circles,1000,0.4,10,svm,3.0,0.638,0.605,0.03300000000000003
115,circles,1000,0.4,10,svm,7.0,0.6599999999999999,0.609,0.050999999999999934
116,circles,1000,0.4,10,svm,11.0,0.6768888888888889,0.588,0.0888888888888889
117,circles,10000,0.4,10,log_reg,0.001,0.5046222222222222,0.4883,0.016322222222222182
118,circles,10000,0.4,10,log_reg,0.01,0.5047333333333334,0.48389999999999994,0.020833333333333426
119,circles,10000,0.4,10,log_reg,0.1,0.504588888888889,0.48430000000000006,0.020288888888888912
120,circles,10000,0.4,10,log_reg,1.0,0.5045666666666667,0.4843,0.02026666666666671
121,circles,10000,0.4,10,log_reg,10.0,0.5045444444444445,0.48410000000000003,0.020444444444444432
122,circles,10000,0.4,10,log_reg,100.0,0.5045444444444445,0.48410000000000003,0.020444444444444432
123,circles,10000,0.4,10,svm,0.0001,0.5017999999999999,0.49040000000000006,0.011399999999999855
124,circles,10000,0.4,10,svm,0.001,0.5030111111111111,0.4912000000000001,0.011811111111110995
125,circles,10000,0.4,10,svm,0.01,0.5407555555555555,0.5323,0.00845555555555555
126,circles,10000,0.4,10,svm,1.0,0.5995222222222223,0.5976000000000001,0.0019222222222221585
127,circles,10000,0.4,10,svm,3.0,0.6008666666666667,0.5950000000000001,0.005866666666666576
128,circles,10000,0.4,10,svm,7.0,0.6062555555555555,0.5982000000000001,0.008055555555555483
129,circles,10000,0.4,10,svm,11.0,0.6115,0.5955000000000001,0.015999999999999903
130,circles,10,0.5,10,log_reg,0.001,0.5555555555555556,0.0,0.5555555555555556
131,circles,10,0.5,10,log_reg,0.01,0.5555555555555556,0.0,0.5555555555555556
132,circles,10,0.5,10,log_reg,0.1,0.5555555555555556,0.0,0.5555555555555556
133,circles,10,0.5,10,log_reg,1.0,0.5777777777777778,0.0,0.5777777777777778
134,circles,10,0.5,10,log_reg,10.0,0.6333333333333334,0.0,0.6333333333333334
135,circles,10,0.5,10,log_reg,100.0,0.6222222222222222,0.0,0.6222222222222222
136,circles,10,0.5,10,svm,0.0001,0.5555555555555556,0.0,0.5555555555555556
137,circles,10,0.5,10,svm,0.001,0.5555555555555556,0.0,0.5555555555555556
138,circles,10,0.5,10,svm,0.01,0.5555555555555556,0.0,0.5555555555555556
139,circles,10,0.5,10,svm,1.0,0.8,0.0,0.8
140,circles,10,0.5,10,svm,3.0,0.9333333333333332,0.0,0.9333333333333332
141,circles,10,0.5,10,svm,7.0,1.0,0.0,1.0
142,circles,10,0.5,10,svm,11.0,1.0,0.0,1.0
143,circles,50,0.5,10,log_reg,0.001,0.5177777777777777,0.33999999999999997,0.1777777777777777
144,circles,50,0.5,10,log_reg,0.01,0.5222222222222223,0.32,0.20222222222222225
145,circles,50,0.5,10,log_reg,0.1,0.5266666666666666,0.28,0.2466666666666666
146,circles,50,0.5,10,log_reg,1.0,0.5266666666666667,0.36000000000000004,0.16666666666666669
147,circles,50,0.5,10,log_reg,10.0,0.5288888888888889,0.36000000000000004,0.1688888888888888
148,circles,50,0.5,10,log_reg,100.0,0.5311111111111111,0.38000000000000006,0.15111111111111103
149,circles,50,0.5,10,svm,0.0001,0.5177777777777777,0.33999999999999997,0.1777777777777777
150,circles,50,0.5,10,svm,0.001,0.5177777777777777,0.33999999999999997,0.1777777777777777
151,circles,50,0.5,10,svm,0.01,0.5177777777777777,0.33999999999999997,0.1777777777777777
152,circles,50,0.5,10,svm,1.0,0.7911111111111111,0.6399999999999999,0.1511111111111112
153,circles,50,0.5,10,svm,3.0,0.8866666666666667,0.6599999999999999,0.2266666666666668
154,circles,50,0.5,10,svm,7.0,0.928888888888889,0.5999999999999999,0.3288888888888891
155,circles,50,0.5,10,svm,11.0,0.9488888888888889,0.58,0.36888888888888893
156,circles,100,0.5,10,log_reg,0.001,0.5244444444444444,0.33999999999999997,0.1844444444444444
157,circles,100,0.5,10,log_reg,0.01,0.5333333333333334,0.33999999999999997,0.19333333333333347
158,circles,100,0.5,10,log_reg,0.1,0.5466666666666666,0.45,0.09666666666666662
159,circles,100,0.5,10,log_reg,1.0,0.5455555555555556,0.47000000000000003,0.07555555555555554
160,circles,100,0.5,10,log_reg,10.0,0.5433333333333333,0.47000000000000003,0.0733333333333333
161,circles,100,0.5,10,log_reg,100.0,0.5433333333333333,0.47000000000000003,0.0733333333333333
162,circles,100,0.5,10,svm,0.0001,0.5244444444444444,0.33999999999999997,0.1844444444444444
163,circles,100,0.5,10,svm,0.001,0.5244444444444444,0.33999999999999997,0.1844444444444444
164,circles,100,0.5,10,svm,0.01,0.5255555555555554,0.33999999999999997,0.18555555555555547
165,circles,100,0.5,10,svm,1.0,0.6666666666666667,0.49000000000000005,0.1766666666666667
166,circles,100,0.5,10,svm,3.0,0.7566666666666666,0.48,0.2766666666666666
167,circles,100,0.5,10,svm,7.0,0.8133333333333332,0.45999999999999996,0.3533333333333333
168,circles,100,0.5,10,svm,11.0,0.8533333333333333,0.47000000000000003,0.38333333333333325
169,circles,1000,0.5,10,log_reg,0.001,0.5036666666666667,0.45599999999999996,0.047666666666666746
170,circles,1000,0.5,10,log_reg,0.01,0.5088888888888888,0.449,0.059888888888888825
171,circles,1000,0.5,10,log_reg,0.1,0.5086666666666666,0.4590000000000001,0.049666666666666526
172,circles,1000,0.5,10,log_reg,1.0,0.5087777777777778,0.45999999999999996,0.04877777777777781
173,circles,1000,0.5,10,log_reg,10.0,0.5092222222222222,0.45999999999999996,0.04922222222222228
174,circles,1000,0.5,10,log_reg,100.0,0.5092222222222222,0.45999999999999996,0.04922222222222228
175,circles,1000,0.5,10,svm,0.0001,0.5042222222222222,0.4619999999999999,0.04222222222222233
176,circles,1000,0.5,10,svm,0.001,0.5042222222222222,0.4619999999999999,0.04222222222222233
177,circles,1000,0.5,10,svm,0.01,0.5027777777777778,0.45899999999999996,0.043777777777777804
178,circles,1000,0.5,10,svm,1.0,0.5947777777777777,0.55,0.044777777777777694
179,circles,1000,0.5,10,svm,3.0,0.6150000000000001,0.5269999999999999,0.08800000000000019
180,circles,1000,0.5,10,svm,7.0,0.6409999999999999,0.525,0.11599999999999988
181,circles,1000,0.5,10,svm,11.0,0.6647777777777778,0.522,0.14277777777777778
182,circles,10000,0.5,10,log_reg,0.001,0.5043,0.4974,0.006899999999999962
183,circles,10000,0.5,10,log_reg,0.01,0.5043000000000001,0.5001999999999999,0.004100000000000215
184,circles,10000,0.5,10,log_reg,0.1,0.5042222222222222,0.5013,0.0029222222222222705
185,circles,10000,0.5,10,log_reg,1.0,0.5041888888888889,0.5013,0.002888888888888941
186,circles,10000,0.5,10,log_reg,10.0,0.5041444444444444,0.5013,0.0028444444444444272
187,circles,10000,0.5,10,log_reg,100.0,0.5041444444444444,0.5013,0.0028444444444444272
188,circles,10000,0.5,10,svm,0.0001,0.5011777777777778,0.4894,0.011777777777777831
189,circles,10000,0.5,10,svm,0.001,0.5011777777777778,0.4892999999999999,0.011877777777777931
190,circles,10000,0.5,10,svm,0.01,0.5330999999999999,0.5282,0.004899999999999904
191,circles,10000,0.5,10,svm,1.0,0.5762,0.5715,0.0047000000000000375
192,circles,10000,0.5,10,svm,3.0,0.5797222222222222,0.5722999999999999,0.00742222222222233
193,circles,10000,0.5,10,svm,7.0,0.5843888888888888,0.5711999999999999,0.013188888888888917
194,circles,10000,0.5,10,svm,11.0,0.5897777777777777,0.5707,0.01907777777777775
195,moons,10,0.3,10,log_reg,0.001,0.5555555555555556,0.0,0.5555555555555556
196,moons,10,0.3,10,log_reg,0.01,0.5555555555555556,0.0,0.5555555555555556
197,moons,10,0.3,10,log_reg,0.1,0.8,0.4,0.4
198,moons,10,0.3,10,log_reg,1.0,0.7222222222222222,0.6,0.12222222222222223
199,moons,10,0.3,10,log_reg,10.0,0.7777777777777778,0.6,0.1777777777777778
200,moons,10,0.3,10,log_reg,100.0,0.788888888888889,0.6,0.188888888888889
201,moons,10,0.3,10,svm,0.0001,0.5555555555555556,0.0,0.5555555555555556
202,moons,10,0.3,10,svm,0.001,0.5555555555555556,0.0,0.5555555555555556
203,moons,10,0.3,10,svm,0.01,0.5555555555555556,0.0,0.5555555555555556
204,moons,10,0.3,10,svm,1.0,0.9333333333333333,0.4,0.5333333333333333
205,moons,10,0.3,10,svm,3.0,1.0,0.5,0.5
206,moons,10,0.3,10,svm,7.0,1.0,0.2,0.8
207,moons,10,0.3,10,svm,11.0,1.0,0.0,1.0
208,moons,50,0.3,10,log_reg,0.001,0.5177777777777777,0.34,0.17777777777777765
209,moons,50,0.3,10,log_reg,0.01,0.7,0.6399999999999999,0.06000000000000005
210,moons,50,0.3,10,log_reg,0.1,0.7733333333333332,0.72,0.05333333333333323
211,moons,50,0.3,10,log_reg,1.0,0.7844444444444444,0.78,0.004444444444444362
212,moons,50,0.3,10,log_reg,10.0,0.7822222222222223,0.78,0.0022222222222222365
213,moons,50,0.3,10,log_reg,100.0,0.7777777777777778,0.78,-0.0022222222222222365
214,moons,50,0.3,10,svm,0.0001,0.5177777777777777,0.34,0.17777777777777765
215,moons,50,0.3,10,svm,0.001,0.5177777777777777,0.34,0.17777777777777765
216,moons,50,0.3,10,svm,0.01,0.6644444444444446,0.5399999999999999,0.12444444444444469
217,moons,50,0.3,10,svm,1.0,0.868888888888889,0.8,0.068888888888889
218,moons,50,0.3,10,svm,3.0,0.8911111111111112,0.82,0.07111111111111124
219,moons,50,0.3,10,svm,7.0,0.9111111111111111,0.82,0.09111111111111114
220,moons,50,0.3,10,svm,11.0,0.9377777777777778,0.82,0.11777777777777787
221,moons,100,0.3,10,log_reg,0.001,0.6444444444444445,0.54,0.10444444444444445
222,moons,100,0.3,10,log_reg,0.01,0.8088888888888889,0.8,0.008888888888888835
223,moons,100,0.3,10,log_reg,0.1,0.8422222222222222,0.8400000000000001,0.0022222222222221255
224,moons,100,0.3,10,log_reg,1.0,0.85,0.85,0.0
225,moons,100,0.3,10,log_reg,10.0,0.8488888888888889,0.8300000000000001,0.018888888888888844
226,moons,100,0.3,10,log_reg,100.0,0.8488888888888889,0.8300000000000001,0.018888888888888844
227,moons,100,0.3,10,svm,0.0001,0.6399999999999999,0.53,0.10999999999999988
228,moons,100,0.3,10,svm,0.001,0.6399999999999999,0.53,0.10999999999999988
229,moons,100,0.3,10,svm,0.01,0.831111111111111,0.8300000000000001,0.0011111111111109517
230,moons,100,0.3,10,svm,1.0,0.8666666666666666,0.8600000000000001,0.0066666666666664876
231,moons,100,0.3,10,svm,3.0,0.8955555555555555,0.8500000000000002,0.04555555555555535
232,moons,100,0.3,10,svm,7.0,0.9255555555555557,0.8600000000000001,0.06555555555555559
233,moons,100,0.3,10,svm,11.0,0.9366666666666668,0.8700000000000001,0.06666666666666665
234,moons,1000,0.3,10,log_reg,0.001,0.799,0.795,0.0040000000000000036
235,moons,1000,0.3,10,log_reg,0.01,0.8227777777777776,0.821,0.001777777777777656
236,moons,1000,0.3,10,log_reg,0.1,0.8581111111111112,0.8540000000000001,0.004111111111111065
237,moons,1000,0.3,10,log_reg,1.0,0.8622222222222222,0.8640000000000001,-0.001777777777777878
238,moons,1000,0.3,10,log_reg,10.0,0.8614444444444445,0.8639999999999999,-0.002555555555555422
239,moons,1000,0.3,10,log_reg,100.0,0.8620000000000001,0.8639999999999999,-0.0019999999999997797
240,moons,1000,0.3,10,svm,0.0001,0.5084444444444444,0.42400000000000004,0.08444444444444432
241,moons,1000,0.3,10,svm,0.001,0.804,0.8019999999999999,0.002000000000000113
242,moons,1000,0.3,10,svm,0.01,0.851888888888889,0.85,0.001888888888889051
243,moons,1000,0.3,10,svm,1.0,0.9204444444444444,0.9179999999999999,0.0024444444444444713
244,moons,1000,0.3,10,svm,3.0,0.9227777777777778,0.9200000000000002,0.002777777777777657
245,moons,1000,0.3,10,svm,7.0,0.9280000000000002,0.922,0.006000000000000116
246,moons,1000,0.3,10,svm,11.0,0.9318888888888889,0.9200000000000002,0.011888888888888727
247,moons,10000,0.3,10,log_reg,0.001,0.8233555555555556,0.8229,0.0004555555555556534
248,moons,10000,0.3,10,log_reg,0.01,0.8461777777777778,0.8460999999999999,7.777777777795425e-05
249,moons,10000,0.3,10,log_reg,0.1,0.8496666666666666,0.8499000000000001,-0.00023333333333352968
250,moons,10000,0.3,10,log_reg,1.0,0.8503333333333334,0.8503999999999999,-6.66666666665483e-05
251,moons,10000,0.3,10,log_reg,10.0,0.8502444444444445,0.8503000000000001,-5.5555555555586444e-05
252,moons,10000,0.3,10,log_reg,100.0,0.8502555555555557,0.8503999999999999,-0.0001444444444442805
253,moons,10000,0.3,10,svm,0.0001,0.8084888888888889,0.8083,0.0001888888888889051
254,moons,10000,0.3,10,svm,0.001,0.8426444444444444,0.8427999999999999,-0.0001555555555554644
255,moons,10000,0.3,10,svm,0.01,0.8485888888888888,0.8484,0.00018888888888879407
256,moons,10000,0.3,10,svm,1.0,0.9110222222222222,0.9107,0.00032222222222222374
257,moons,10000,0.3,10,svm,3.0,0.9100555555555555,0.9096,0.0004555555555555424
258,moons,10000,0.3,10,svm,7.0,0.9129555555555555,0.9105000000000001,0.002455555555555433
259,moons,10000,0.3,10,svm,11.0,0.9136222222222221,0.9119000000000002,0.0017222222222219585
260,moons,10,0.4,10,log_reg,0.001,0.5555555555555556,0.0,0.5555555555555556
261,moons,10,0.4,10,log_reg,0.01,0.5555555555555556,0.0,0.5555555555555556
262,moons,10,0.4,10,log_reg,0.1,0.7333333333333334,0.2,0.5333333333333334
263,moons,10,0.4,10,log_reg,1.0,0.7111111111111111,0.6,0.11111111111111116
264,moons,10,0.4,10,log_reg,10.0,0.7,0.6,0.09999999999999998
265,moons,10,0.4,10,log_reg,100.0,0.7222222222222223,0.6,0.12222222222222234
266,moons,10,0.4,10,svm,0.0001,0.5555555555555556,0.0,0.5555555555555556
267,moons,10,0.4,10,svm,0.001,0.5555555555555556,0.0,0.5555555555555556
268,moons,10,0.4,10,svm,0.01,0.5555555555555556,0.0,0.5555555555555556
269,moons,10,0.4,10,svm,1.0,0.7777777777777779,0.0,0.7777777777777779
270,moons,10,0.4,10,svm,3.0,0.9111111111111112,0.0,0.9111111111111112
271,moons,10,0.4,10,svm,7.0,1.0,0.0,1.0
272,moons,10,0.4,10,svm,11.0,1.0,0.0,1.0
273,moons,50,0.4,10,log_reg,0.001,0.5155555555555555,0.36,0.15555555555555556
274,moons,50,0.4,10,log_reg,0.01,0.7355555555555555,0.5800000000000001,0.15555555555555545
275,moons,50,0.4,10,log_reg,0.1,0.7688888888888888,0.78,-0.011111111111111183
276,moons,50,0.4,10,log_reg,1.0,0.8066666666666666,0.78,0.026666666666666616
277,moons,50,0.4,10,log_reg,10.0,0.8333333333333333,0.8,0.033333333333333215
278,moons,50,0.4,10,log_reg,100.0,0.8355555555555554,0.8200000000000001,0.015555555555555323
279,moons,50,0.4,10,svm,0.0001,0.5155555555555555,0.36,0.15555555555555556
280,moons,50,0.4,10,svm,0.001,0.5155555555555555,0.36,0.15555555555555556
281,moons,50,0.4,10,svm,0.01,0.7333333333333334,0.6,0.13333333333333341
282,moons,50,0.4,10,svm,1.0,0.8377777777777778,0.78,0.05777777777777782
283,moons,50,0.4,10,svm,3.0,0.8755555555555556,0.78,0.09555555555555562
284,moons,50,0.4,10,svm,7.0,0.9333333333333333,0.76,0.17333333333333334
285,moons,50,0.4,10,svm,11.0,0.9777777777777776,0.74,0.23777777777777764
286,moons,100,0.4,10,log_reg,0.001,0.6333333333333333,0.52,0.11333333333333329
287,moons,100,0.4,10,log_reg,0.01,0.7788888888888887,0.76,0.018888888888888733
288,moons,100,0.4,10,log_reg,0.1,0.7911111111111111,0.78,0.011111111111111072
289,moons,100,0.4,10,log_reg,1.0,0.8044444444444444,0.8,0.004444444444444362
290,moons,100,0.4,10,log_reg,10.0,0.8244444444444443,0.8100000000000002,0.014444444444444149
291,moons,100,0.4,10,log_reg,100.0,0.8266666666666665,0.8100000000000002,0.016666666666666385
292,moons,100,0.4,10,svm,0.0001,0.6211111111111111,0.51,0.11111111111111105
293,moons,100,0.4,10,svm,0.001,0.6211111111111111,0.51,0.11111111111111105
294,moons,100,0.4,10,svm,0.01,0.7666666666666666,0.76,0.006666666666666599
295,moons,100,0.4,10,svm,1.0,0.8966666666666667,0.8800000000000001,0.016666666666666607
296,moons,100,0.4,10,svm,3.0,0.9066666666666668,0.9,0.006666666666666821
297,moons,100,0.4,10,svm,7.0,0.9122222222222224,0.89,0.022222222222222365
298,moons,100,0.4,10,svm,11.0,0.93,0.8700000000000001,0.05999999999999994
299,moons,1000,0.4,10,log_reg,0.001,0.7934444444444445,0.795,-0.0015555555555555323
300,moons,1000,0.4,10,log_reg,0.01,0.8127777777777778,0.8099999999999999,0.002777777777777879
301,moons,1000,0.4,10,log_reg,0.1,0.8347777777777777,0.833,0.001777777777777767
302,moons,1000,0.4,10,log_reg,1.0,0.8353333333333334,0.833,0.0023333333333334094
303,moons,1000,0.4,10,log_reg,10.0,0.8345555555555556,0.8340000000000002,0.0005555555555554204
304,moons,1000,0.4,10,log_reg,100.0,0.8344444444444445,0.8340000000000002,0.0004444444444443585
305,moons,1000,0.4,10,svm,0.0001,0.5062222222222222,0.44400000000000006,0.06222222222222218
306,moons,1000,0.4,10,svm,0.001,0.8021111111111111,0.798,0.004111111111111065
307,moons,1000,0.4,10,svm,0.01,0.8325555555555555,0.8280000000000001,0.004555555555555424
308,moons,1000,0.4,10,svm,1.0,0.8546666666666667,0.852,0.002666666666666706
309,moons,1000,0.4,10,svm,3.0,0.8572222222222223,0.852,0.00522222222222235
310,moons,1000,0.4,10,svm,7.0,0.8626666666666667,0.8480000000000001,0.014666666666666606
311,moons,1000,0.4,10,svm,11.0,0.8672222222222221,0.852,0.015222222222222137
312,moons,10000,0.4,10,log_reg,0.001,0.8082111111111111,0.8079000000000001,0.00031111111111103984
313,moons,10000,0.4,10,log_reg,0.01,0.8233111111111112,0.8228,0.0005111111111112399
314,moons,10000,0.4,10,log_reg,0.1,0.8253555555555556,0.8254999999999999,-0.0001444444444442805
315,moons,10000,0.4,10,log_reg,1.0,0.8255333333333335,0.8259000000000001,-0.0003666666666666263
316,moons,10000,0.4,10,log_reg,10.0,0.8255222222222223,0.826,-0.00047777777777768815
317,moons,10000,0.4,10,log_reg,100.0,0.8255222222222223,0.826,-0.00047777777777768815
318,moons,10000,0.4,10,svm,0.0001,0.7977222222222222,0.7977000000000001,2.222222222214576e-05
319,moons,10000,0.4,10,svm,0.001,0.8208666666666666,0.8208,6.666666666665932e-05
320,moons,10000,0.4,10,svm,0.01,0.8256888888888889,0.8258000000000001,-0.00011111111111117289
321,moons,10000,0.4,10,svm,1.0,0.8628777777777777,0.8622,0.0006777777777777771
322,moons,10000,0.4,10,svm,3.0,0.8618,0.8611000000000001,0.0006999999999999229
323,moons,10000,0.4,10,svm,7.0,0.8624444444444445,0.8615,0.0009444444444444144
324,moons,10000,0.4,10,svm,11.0,0.8635333333333334,0.8605,0.0030333333333333323
325,moons,10,0.5,10,log_reg,0.001,0.5555555555555556,0.0,0.5555555555555556
326,moons,10,0.5,10,log_reg,0.01,0.5555555555555556,0.0,0.5555555555555556
327,moons,10,0.5,10,log_reg,0.1,0.7444444444444445,0.3,0.4444444444444445
328,moons,10,0.5,10,log_reg,1.0,0.8111111111111111,0.8,0.011111111111111072
329,moons,10,0.5,10,log_reg,10.0,0.8333333333333333,0.8,0.033333333333333215
330,moons,10,0.5,10,log_reg,100.0,0.8555555555555555,0.7,0.15555555555555556
331,moons,10,0.5,10,svm,0.0001,0.5555555555555556,0.0,0.5555555555555556
332,moons,10,0.5,10,svm,0.001,0.5555555555555556,0.0,0.5555555555555556
333,moons,10,0.5,10,svm,0.01,0.5555555555555556,0.0,0.5555555555555556
334,moons,10,0.5,10,svm,1.0,0.9777777777777779,0.6,0.3777777777777779
335,moons,10,0.5,10,svm,3.0,0.9666666666666666,0.7,0.2666666666666666
336,moons,10,0.5,10,svm,7.0,1.0,0.2,0.8
337,moons,10,0.5,10,svm,11.0,1.0,0.0,1.0
338,moons,50,0.5,10,log_reg,0.001,0.5244444444444444,0.28,0.24444444444444435
339,moons,50,0.5,10,log_reg,0.01,0.7377777777777779,0.6599999999999999,0.07777777777777795
340,moons,50,0.5,10,log_reg,0.1,0.8088888888888889,0.78,0.028888888888888853
341,moons,50,0.5,10,log_reg,1.0,0.8066666666666666,0.78,0.026666666666666616
342,moons,50,0.5,10,log_reg,10.0,0.8022222222222222,0.78,0.022222222222222143
343,moons,50,0.5,10,log_reg,100.0,0.8,0.8,0.0
344,moons,50,0.5,10,svm,0.0001,0.5244444444444444,0.28,0.24444444444444435
345,moons,50,0.5,10,svm,0.001,0.5244444444444444,0.28,0.24444444444444435
346,moons,50,0.5,10,svm,0.01,0.7533333333333333,0.6799999999999999,0.07333333333333336
347,moons,50,0.5,10,svm,1.0,0.9044444444444444,0.9,0.004444444444444362
348,moons,50,0.5,10,svm,3.0,0.9555555555555555,0.82,0.13555555555555554
349,moons,50,0.5,10,svm,7.0,0.9711111111111113,0.82,0.1511111111111113
350,moons,50,0.5,10,svm,11.0,0.9888888888888889,0.8,0.18888888888888888
351,moons,100,0.5,10,log_reg,0.001,0.6333333333333333,0.51,0.1233333333333333
352,moons,100,0.5,10,log_reg,0.01,0.7655555555555555,0.7300000000000001,0.03555555555555545
353,moons,100,0.5,10,log_reg,0.1,0.7788888888888889,0.78,-0.0011111111111111738
354,moons,100,0.5,10,log_reg,1.0,0.7755555555555554,0.77,0.005555555555555425
355,moons,100,0.5,10,log_reg,10.0,0.7766666666666666,0.77,0.006666666666666599
356,moons,100,0.5,10,log_reg,100.0,0.7777777777777779,0.77,0.007777777777777883
357,moons,100,0.5,10,svm,0.0001,0.6211111111111112,0.49000000000000005,0.13111111111111112
358,moons,100,0.5,10,svm,0.001,0.6211111111111112,0.49000000000000005,0.13111111111111112
359,moons,100,0.5,10,svm,0.01,0.7733333333333332,0.78,-0.006666666666666821
360,moons,100,0.5,10,svm,1.0,0.7966666666666666,0.78,0.016666666666666607
361,moons,100,0.5,10,svm,3.0,0.8144444444444444,0.73,0.08444444444444443
362,moons,100,0.5,10,svm,7.0,0.8722222222222223,0.6799999999999999,0.1922222222222224
363,moons,100,0.5,10,svm,11.0,0.8955555555555555,0.7,0.1955555555555556
364,moons,1000,0.5,10,log_reg,0.001,0.7872222222222223,0.78,0.007222222222222241
365,moons,1000,0.5,10,log_reg,0.01,0.7981111111111111,0.796,0.0021111111111110636
366,moons,1000,0.5,10,log_reg,0.1,0.8053333333333332,0.804,0.0013333333333331865
367,moons,1000,0.5,10,log_reg,1.0,0.8059999999999998,0.805,0.0009999999999997788
368,moons,1000,0.5,10,log_reg,10.0,0.8067777777777778,0.8030000000000002,0.0037777777777776578
369,moons,1000,0.5,10,log_reg,100.0,0.8068888888888889,0.8030000000000002,0.0038888888888887196
370,moons,1000,0.5,10,svm,0.0001,0.5315555555555556,0.497,0.03455555555555556
371,moons,1000,0.5,10,svm,0.001,0.7915555555555556,0.786,0.005555555555555536
372,moons,1000,0.5,10,svm,0.01,0.8058888888888889,0.8069999999999998,-0.0011111111111109517
373,moons,1000,0.5,10,svm,1.0,0.8252222222222223,0.8219999999999998,0.0032222222222224595
374,moons,1000,0.5,10,svm,3.0,0.8256666666666665,0.8210000000000001,0.004666666666666486
375,moons,1000,0.5,10,svm,7.0,0.8282222222222222,0.8220000000000001,0.006222222222222129
376,moons,1000,0.5,10,svm,11.0,0.8325555555555555,0.82,0.012555555555555542
377,moons,10000,0.5,10,log_reg,0.001,0.7939,0.7937000000000001,0.00019999999999997797
378,moons,10000,0.5,10,log_reg,0.01,0.8036888888888889,0.8035,0.0001888888888889051
379,moons,10000,0.5,10,log_reg,0.1,0.8047444444444445,0.8048000000000002,-5.555555555569747e-05
380,moons,10000,0.5,10,log_reg,1.0,0.8051777777777778,0.8053000000000001,-0.0001222222222223568
381,moons,10000,0.5,10,log_reg,10.0,0.8052333333333334,0.8051999999999999,3.3333333333440684e-05
382,moons,10000,0.5,10,log_reg,100.0,0.8052222222222222,0.8053000000000001,-7.777777777795425e-05
383,moons,10000,0.5,10,svm,0.0001,0.7859888888888888,0.786,-1.1111111111183902e-05
384,moons,10000,0.5,10,svm,0.001,0.8012888888888888,0.8019000000000001,-0.0006111111111112288
385,moons,10000,0.5,10,svm,0.01,0.805211111111111,0.8055,-0.0002888888888890051
386,moons,10000,0.5,10,svm,1.0,0.8210444444444445,0.8198000000000001,0.0012444444444443814
387,moons,10000,0.5,10,svm,3.0,0.822011111111111,0.8202999999999999,0.0017111111111111077
388,moons,10000,0.5,10,svm,7.0,0.8230666666666666,0.8211,0.001966666666666561
389,moons,10000,0.5,10,svm,11.0,0.8237666666666665,0.8207000000000001,0.00306666666666644
